20220218_194531.jpg	/7.1	1	0011695160702612
20220218_161341.jpg	/7.1	1	0011695160702142
20220218_180803.jpg	/7.1	1	0011695163744647
20220218_163332.jpg	/7.1	1	0011695162713079
20220218_194509.jpg	/7.1	1	0011695160701790
20220218_155800.jpg	/7.1	1	0011695162661361
20220218_172530.jpg	/7.1	1	0011695162718858
20220218_175101.jpg	/7.1	1	0011695162718877
20220218_172610.jpg	/7.1	1	0011695162714284
20220218_190249.jpg	/7.1	1	0011695162714716
20220218_163107.jpg	/7.1	1	0011695162713800
20220218_184255.jpg	/7.1	1	0011695160702698
20220218_172225.jpg	/7.1	1	0011695162714078
20220218_171311.jpg	/7.1	1	0011695162660124
20220218_160402.jpg	/7.1	1	0011695160702060
20220218_170117.jpg	/7.1	1	0011695162659648
20220218_183545.jpg	/7.1	0	
20220218_171248.jpg	/7.1	1	0011695162716868
20220218_170810.jpg	/7.1	0	
20220218_173450.jpg	/7.1	0	
20220218_165608.jpg	/7.1	1	0011695160701792
20220218_161124.jpg	/7.1	1	0011695162713473
20220218_160453.jpg	/7.1	0	
20220218_172947.jpg	/7.1	1	0011695162714698
20220218_194136.jpg	/7.1	0	
20220218_192614.jpg	/7.1	1	0011695160702109
20220218_194502.jpg	/7.1	0	
20220218_191127.jpg	/7.1	1	0011695160702087
20220218_170643.jpg	/7.1	0	
20220218_182356.jpg	/7.1	1	0011695162718862
20220218_171718.jpg	/7.1	1	0011695162725868
20220218_192300.jpg	/7.1	0	
20220218_173913.jpg	/7.1	1	0011695162714762
20220218_191149.jpg	/7.1	1	0011695160702127
20220218_161418.jpg	/7.1	1	0011695160702150
20220218_192951.jpg	/7.1	1	0011695162662731
20220218_194219.jpg	/7.1	0	
20220218_193812.jpg	/7.1	1	0011695162649471
20220218_170132.jpg	/7.1	1	0011695162659409
20220218_190749.jpg	/7.1	1	0011695160702679
20220218_173920.jpg	/7.1	0	
20220218_185031.jpg	/7.1	1	0011695162714687
20220218_185726.jpg	/7.1	1	0011695162725778
20220218_180246.jpg	/7.1	1	0011695162718846
20220218_172602.jpg	/7.1	0	
20220218_155305.jpg	/7.1	1	0011695162714276
20220218_184259.jpg	/7.1	0	
20220218_172203.jpg	/7.1	1	0011695162659726
20220218_175145.jpg	/7.1	1	0011695162718792
20220218_191210.jpg	/7.1	1	0011695160702065
20220218_160425.jpg	/7.1	1	0011695160702165
20220218_162109.jpg	/7.1	0	
20220218_172547.jpg	/7.1	1	0011695162718859
20220218_163127.jpg	/7.1	1	0011695162713329
20220218_165228.jpg	/7.1	1	0011695163744147
20220218_163345.jpg	/7.1	1	0011695162714296
20220218_192102.jpg	/7.1	1	0011695162713544
20220218_180253.jpg	/7.1	0	
20220218_194205.jpg	/7.1	0	
20220218_193726.jpg	/7.1	1	0011695163744126
20220218_161834.jpg	/7.1	0	
20220218_194144.jpg	/7.1	0	
20220218_162034.jpg	/7.1	1	0011695160701821
20220218_183444.jpg	/7.1	1	0011695163734186
20220218_170751.jpg	/7.1	1	0011695162657293
20220218_185734.jpg	/7.1	1	0011695162718742
20220218_164933.jpg	/7.1	1	0011695162713501
20220218_161756.jpg	/7.1	1	0011695162725764
20220218_155322.jpg	/7.1	1	0011695162725770
20220218_155740.jpg	/7.1	1	0011695162659487
20220301_091608.jpg	/7.1	1	0011695162713045
20220218_173343.jpg	/7.1	1	0011695162718752
20220218_163924.jpg	/7.1	1	0011695162718891
20220218_162055.jpg	/7.1	1	0011695160701891
20220218_190730.jpg	/7.1	1	0011695160704891
20220218_191657.jpg	/7.1	1	0011695162661324
20220218_170057.jpg	/7.1	1	0011695162659407
20220218_163052.jpg	/7.1	1	0011695163745066
20220218_173359.jpg	/7.1	1	0011695162713282
20220218_165247.jpg	/7.1	1	0011695163744697
20220218_175019.jpg	/7.1	1	0011695162725869
20220218_193839.jpg	/7.1	1	0011695162660615
20220218_182410.jpg	/7.1	1	0011695162713518
20220218_180821.jpg	/7.1	1	0011695162714342
20220218_175555.jpg	/7.1	1	0011695160704877
20220218_164353.jpg	/7.1	1	0011695162659834
20220218_193458.jpg	/7.1	1	0011695162659818
20220218_192132.jpg	/7.1	1	0011695162718799
20220218_161102.jpg	/7.1	1	0011695162713258
20220218_161049.jpg	/7.1	1	0011695163735810
20220218_180033.jpg	/7.1	1	0011695162658129
20220218_182329.jpg	/7.1	1	0011695162718847
20220218_171651.jpg	/7.1	1	0011695162713780
20220218_190814.jpg	/7.1	1	0011695160701312
20220218_184942.jpg	/7.1	1	0011695163735789
20220218_184638.jpg	/7.1	1	0011695162657135
20220218_192607.jpg	/7.1	1	0011695160702024
20220218_190216.jpg	/7.1	1	0011695162714696
20220218_175521.jpg	/7.1	1	0011695160702622
20220218_191715.jpg	/7.1	1	0011695162659842
20220218_192534.jpg	/7.1	1	0011695160701777
20220218_185330.jpg	/7.1	1	0011695160701299
20220218_171752.jpg	/7.1	1	0011695162714304
20220218_182452.jpg	/7.1	1	0011695162658111
20220218_173521.jpg	/7.1	0	
20220218_164951.jpg	/7.1	1	0011695162714811
20220218_175043.jpg	/7.1	1	0011695162718791
20220218_173946.jpg	/7.1	1	0011695162713757
20220218_183510.jpg	/7.1	1	0011695162713490
20220218_174631.jpg	/7.1	1	0011695162659445
20220218_165534.jpg	/7.1	1	0011695160702036
20220218_163403.jpg	/7.1	1	0011695162713547
20220218_193056.jpg	/7.1	1	0011695162659587
20220218_171802.jpg	/7.1	1	0011695163732843
20220218_171225.jpg	/7.1	1	0011695162659617
20220218_174650.jpg	/7.1	1	0011695162661176
20220218_185414.jpg	/7.1	1	0011695160702682
20220218_161809.jpg	/7.1	1	0011695162725795
20220218_164019.jpg	/7.1	1	0011695162713387
20220218_172913.jpg	/7.1	1	0011695162713769
20220218_165203.jpg	/7.1	1	0011695162717713
20220218_155831.jpg	/7.1	1	0011695162659608
20220218_185743.jpg	/7.1	1	0011695162718784
20220218_185002.jpg	/7.1	0	
20220218_172139.jpg	/7.1	1	0011695162717785
20220218_154831.jpg	/7.1	1	0011695162718097
20220218_192558.jpg	/7.1	1	0011695160702027
20220218_180753.jpg	/7.1	1	0011695162713449
20220218_163037.jpg	/7.1	1	0011695163735773
20220218_190230.jpg	/7.1	1	0011695162714688
20220218_155343.jpg	/7.1	1	0011695162714823
20220218_164834.jpg	/7.1	1	0011695162718775
20220218_163905.jpg	/7.1	1	0011695163732845
20220218_170724.jpg	/7.1	0	
20220218_175530.jpg	/7.1	1	0011695160701326
20220218_192957.jpg	/7.1	1	0011695162716658
20220218_165709.jpg	/7.1	0	
20220218_191730.jpg	/7.1	1	0011695162661150
20220218_184553.jpg	/7.1	1	0011695162717568
20220218_180058.jpg	/7.1	1	0011695163734364
20220218_194434.jpg	/7.1	1	0011695160702007
20220218_193400.jpg	/7.1	1	0011695162660284
20220218_191744.jpg	/7.1	1	0011695162712577
20220218_154802.jpg	/7.1	1	0011695162659515
20220218_193749.jpg	/7.1	1	0011695162714667
20220218_184615.jpg	/7.1	1	0011695162713648
20220218_165636.jpg	/7.1	1	0011695159633954
20220218_182826.jpg	/7.1	1	0011695162726008
20220218_184306.jpg	/7.1	1	0011695160702045
20220218_192040.jpg	/7.1	1	0011695162718808
20220218_164339.jpg	/7.1	1	0011695162659839
20220218_193431.jpg	/7.1	1	0011695162659389
20220218_182801.jpg	/7.1	0	
20220218_161401.jpg	/7.1	1	0011695160702133
20220218_182841.jpg	/7.1	0	
20220218_164032.jpg	/7.1	1	0011695162714338
20220218_172927.jpg	/7.1	1	0011695162713788
20220218_174701.jpg	/7.1	1	0011695162659422
20220218_154822.jpg	/7.1	1	0011695159635050
20220218_193333.jpg	/7.1	1	0011695163744173
20220218_185351.jpg	/7.1	1	0011695159633984
20220218_193005.jpg	/7.1	1	0011695162716167
20220218_183625.jpg	/7.1	1	0011695163734049
20220218_164400.jpg	/7.1	1	0011695162659847
20220228_115520.jpg	/7.1/ГРЩ	1	3844454978821000
20220228_115345.jpg	/7.1/ГРЩ	1	3764487254221000
20220228_115528.jpg	/7.1/ГРЩ	0	
20220228_115258.jpg	/7.1/ГРЩ	1	4660019150286
20220228_115543.jpg	/7.1/ГРЩ	0	
20220228_115331.jpg	/7.1/ГРЩ	1	6284504945721000
20220228_115331.jpg	/7.1/ГРЩ	2	4660019150286
20220228_115619.jpg	/7.1/ГРЩ	0	
20220228_115456.jpg	/7.1/ГРЩ	1	3764487253921000
20220228_115425.jpg	/7.1/ГРЩ	1	3764487182921000
20220228_115623.jpg	/7.1/ГРЩ	0	
20220228_115406.jpg	/7.1/ГРЩ	1	3764487184921000
20220228_115550.jpg	/7.1/ГРЩ	1	3844435033921000
20220222_161713.jpg	/7.3	1	0011695162725193
20220221_171044.jpg	/7.3	0	
20220221_172455.jpg	/7.3	1	0011695163744844
20220222_162606.jpg	/7.3	0	
20220222_165742.jpg	/7.3	0	
20220222_165416.jpg	/7.3	0	
20220221_171114.jpg	/7.3	1	0011695163744337
20220222_163834.jpg	/7.3	0	
20220222_161910.jpg	/7.3	0	
20220222_162744.jpg	/7.3	1	0011695162712367
20220222_164536.jpg	/7.3	0	
20220221_170130.jpg	/7.3	1	0011695163744868
20220221_171717.jpg	/7.3	1	0011695163744342
20220222_165730.jpg	/7.3	0	
20220222_162555.jpg	/7.3	1	0011695163745019
20220222_164935.jpg	/7.3	1	0011695163735749
20220222_163204.jpg	/7.3	0	
20220221_170030.jpg	/7.3	1	0011695163743838
20220222_161302.jpg	/7.3	0	
20220222_162307.jpg	/7.3	0	
20220222_165355.jpg	/7.3	0	
20220221_172821.jpg	/7.3	0	
20220221_172153.jpg	/7.3	0	
20220221_172533.jpg	/7.3	1	0011695163743856
20220222_161025.jpg	/7.3	1	0011695163743840
20220222_164526.jpg	/7.3	1	0011695163744992
20220222_162513.jpg	/7.3	0	
20220222_164254.jpg	/7.3	1	0011695162712369
20220222_165344.jpg	/7.3	1	0011695162712361
20220221_171455.jpg	/7.3	0	
20220222_160952.jpg	/7.3	1	0011695163745016
20220221_170650.jpg	/7.3	0	
20220221_170703.jpg	/7.3	1	0011695162712408
20220222_163240.jpg	/7.3	1	0011695162725991
20220222_161602.jpg	/7.3	1	0011695163735834
20220222_162248.jpg	/7.3	0	
20220222_165750.jpg	/7.3	0	
20220222_163845.jpg	/7.3	1	0011695163743810
20220222_164239.jpg	/7.3	1	0011695163735410
20220222_163526.jpg	/7.3	1	0011695163743817
20220221_171655.jpg	/7.3	0	
20220221_171644.jpg	/7.3	1	0011695163743833
20220222_163538.jpg	/7.3	1	0011695163744615
20220222_162318.jpg	/7.3	1	0011695163744624
20220221_171100.jpg	/7.3	0	
20220222_163513.jpg	/7.3	1	0011695163744668
20220222_163153.jpg	/7.3	1	0011695163744307
20220222_164309.jpg	/7.3	1	0011695163735905
20220222_161546.jpg	/7.3	1	0011695163743867
20220221_172800.jpg	/7.3	0	
20220222_162021.jpg	/7.3	1	0011695163743858
20220221_171416.jpg	/7.3	0	
20220222_161857.jpg	/7.3	0	
20220222_161356.jpg	/7.3	1	0011695163744595
20220222_161003.jpg	/7.3	1	0011695163735851
20220221_170735.jpg	/7.3	0	
20220221_170046.jpg	/7.3	1	0011695163745036
20220221_171053.jpg	/7.3	1	0011695163743825
20220222_164909.jpg	/7.3	1	0011695162712454
20220222_163910.jpg	/7.3	0	
20220221_172440.jpg	/7.3	0	
20220222_165410.jpg	/7.3	1	0011695163744804
20220222_161723.jpg	/7.3	0	
20220221_172135.jpg	/7.3	0	
20220221_171429.jpg	/7.3	0	
20220222_161310.jpg	/7.3	0	
20220222_163217.jpg	/7.3	1	0011695162725994
20220221_172520.jpg	/7.3	1	0011695163745060
20220222_164515.jpg	/7.3	1	0011695163743854
20220222_164542.jpg	/7.3	0	
20220222_164916.jpg	/7.3	0	
20220222_162751.jpg	/7.3	1	0011695162712484
20220221_171633.jpg	/7.3	1	0011695163735882
20220221_172807.jpg	/7.3	1	0011695163735845
20220221_172139.jpg	/7.3	0	
20220222_163859.jpg	/7.3	0	
20220221_170138.jpg	/7.3	1	0411695162712400
20220221_170138.jpg	/7.3	2	0011695162712400
20220222_161702.jpg	/7.3	0	
20220222_161556.jpg	/7.3	0	
20220222_162734.jpg	/7.3	0	
20220228_122519.jpg	/7.3/ГРЩ	1	0008842166405212
20220228_122434.jpg	/7.3/ГРЩ	0	
20220228_122322.jpg	/7.3/ГРЩ	1	3844490554721000
20220228_122322.jpg	/7.3/ГРЩ	2	4660019150545
20220228_122615.jpg	/7.3/ГРЩ	1	3764406840921000
20220228_122615.jpg	/7.3/ГРЩ	2	4660019150507
20220228_122607.jpg	/7.3/ГРЩ	1	3764406859421000
20220228_122607.jpg	/7.3/ГРЩ	2	4660019150507
20220228_122534.jpg	/7.3/ГРЩ	0	
20220228_122311.jpg	/7.3/ГРЩ	0	
20220228_122555.jpg	/7.3/ГРЩ	1	3764458826121000
20220228_122555.jpg	/7.3/ГРЩ	2	4660019150507
20220228_122503.jpg	/7.3/ГРЩ	1	0008842166405212
20220228_122441.jpg	/7.3/ГРЩ	1	3844490517921000
20220224_155537.jpg	/3.1	1	0011696161738325
20220224_153953.jpg	/3.1	1	0011696164646772
20220224_154638.jpg	/3.1	1	0011696163746205
20220224_153906.jpg	/3.1	1	0011696164650527
20220224_163536.jpg	/3.1	1	0011696164647697
20220224_154136.jpg	/3.1	0	
20220224_151233.jpg	/3.1	1	0011696164648989
20220224_163329.jpg	/3.1	0	
20220224_151049.jpg	/3.1	1	0011696161740901
20220224_151622.jpg	/3.1	1	0011696164648924
20220224_153354.jpg	/3.1	1	0011696164653103
20220224_153206.jpg	/3.1	1	0011696161734078
20220224_163531.jpg	/3.1	1	0011696164647679
20220224_154828.jpg	/3.1	1	0011696163602363
20220224_153220.jpg	/3.1	1	0011696160721148
20220224_160556.jpg	/3.1	0	
20220224_163139.jpg	/3.1	1	0011696163746263
20220224_154125.jpg	/3.1	0	
20220224_161315.jpg	/3.1	1	0011696164645331
20220224_162301.jpg	/3.1	1	0011696164645262
20220224_151100.jpg	/3.1	1	0011696164653566
20220224_161102.jpg	/3.1	1	0011696163747455
20220224_160607.jpg	/3.1	0	
20220224_152243.jpg	/3.1	1	0011696161740934
20220224_153726.jpg	/3.1	1	0011696163746201
20220224_152221.jpg	/3.1	1	0011696161740879
20220224_160939.jpg	/3.1	1	0011696161740483
20220224_152225.jpg	/3.1	1	0011696161740684
20220224_161248.jpg	/3.1	1	0011696161740563
20220224_153627.jpg	/3.1	1	0011696161734047
20220224_152051.jpg	/3.1	1	0011696164653552
20220224_151243.jpg	/3.1	1	0011696164648864
20220224_160752.jpg	/3.1	1	0011696161739572
20220224_153608.jpg	/3.1	1	0011696164646864
20220224_162748.jpg	/3.1	1	0011696164645326
20220224_161119.jpg	/3.1	1	0011696163747454
20220224_160729.jpg	/3.1	1	0011696161739721
20220224_154113.jpg	/3.1	1	0011696161739685
20220224_155050.jpg	/3.1	1	0011696164653092
20220224_153736.jpg	/3.1	1	0011696164652999
20220224_153156.jpg	/3.1	1	0011696161734089
20220224_155129.jpg	/3.1	1	0011696163746149
20220224_162921.jpg	/3.1	1	0011696161740338
20220224_151604.jpg	/3.1	1	0011696164648905
20220224_155110.jpg	/3.1	1	0011696164652992
20220224_150848.jpg	/3.1	1	0011696163602426
20220224_163130.jpg	/3.1	1	0011696164647698
20220224_161300.jpg	/3.1	1	0011696164645341
20220224_155726.jpg	/3.1	1	0011696163602423
20220224_162450.jpg	/3.1	1	0011696164645314
20220224_151251.jpg	/3.1	1	0011696164648858
20220224_152717.jpg	/3.1	1	0011696164653006
20220224_160137.jpg	/3.1	1	0011696164645155
20220224_155947.jpg	/3.1	1	0011696161734106
20220224_155531.jpg	/3.1	1	0011696164653063
20220224_161922.jpg	/3.1	1	0011696163746271
20220224_154559.jpg	/3.1	1	0011696163745685
20220224_162640.jpg	/3.1	1	0011696161740792
20220224_151343.jpg	/3.1	1	0011696161740902
20220224_160018.jpg	/3.1	1	0011696161734605
20220224_163559.jpg	/3.1	1	0011696164647501
20220224_154004.jpg	/3.1	1	0011696164650507
20220224_160145.jpg	/3.1	1	0011696163602431
20220224_162930.jpg	/3.1	1	0011696161740471
20220224_153558.jpg	/3.1	1	0011696161734073
20220224_151902.jpg	/3.1	1	0011696161740357
20220224_155548.jpg	/3.1	1	0011696161739307
20220224_151610.jpg	/3.1	1	0011696164654020
20220224_152100.jpg	/3.1	1	0011696164653950
20220224_154551.jpg	/3.1	1	0011696164649480
20220224_155241.jpg	/3.1	1	0011696161740610
20220224_153917.jpg	/3.1	1	0011696163755090
20220224_162420.jpg	/3.1	1	0011696164645279
20220224_152701.jpg	/3.1	1	0011696164653019
20220224_162249.jpg	/3.1	1	0011696164645327
20220224_150718.jpg	/3.1	1	0011696164653977
20220224_155315.jpg	/3.1	1	0011696161740827
20220224_153342.jpg	/3.1	1	0011696164653001
20220224_162429.jpg	/3.1	0	
20220224_162440.jpg	/3.1	1	0011696163750800
20220224_150655.jpg	/3.1	1	0011696164653971
20220224_160946.jpg	/3.1	1	0011696161739930
20220224_153545.jpg	/3.1	1	0011696164649518
20220224_162255.jpg	/3.1	1	0011696163755089
20220224_152915.jpg	/3.1	1	0011696161739529
20220224_161434.jpg	/3.1	1	0011696161740903
20220224_152320.jpg	/3.1	1	0011696163745860
20220224_150900.jpg	/3.1	1	0011696164647149
20220224_163320.jpg	/3.1	0	
20220224_153749.jpg	/3.1	1	0011696161739548
20220224_161721.jpg	/3.1	0	
20220224_155936.jpg	/3.1	1	0011696161734113
20220224_155558.jpg	/3.1	1	0011696164652990
20220224_152854.jpg	/3.1	1	0011696161740628
20220224_155100.jpg	/3.1	1	0011696164653011
20220224_162629.jpg	/3.1	1	0011696161740697
20220224_152706.jpg	/3.1	1	0011696164653066
20220224_163547.jpg	/3.1	1	0011696163746273
20220224_160620.jpg	/3.1	0	
20220224_161455.jpg	/3.1	0	
20220224_153010.jpg	/3.1	0	
20220224_155744.jpg	/3.1	0	
20220224_162742.jpg	/3.1	1	0011696163745822
20220224_154805.jpg	/3.1	1	0011696163602348
20220224_162618.jpg	/3.1	1	0011696161740481
20220224_152729.jpg	/3.1	0	
20220224_163348.jpg	/3.1	0	
20220224_151810.jpg	/3.1	1	0011696161740924
20220224_153411.jpg	/3.1	0	
20220224_161912.jpg	/3.1	1	0011696164647311
20220224_161445.jpg	/3.1	1	0011696164653073
20220224_151108.jpg	/3.1	0	
20220224_162802.jpg	/3.1	1	0011696164647153
20220224_161906.jpg	/3.1	0	
20220224_162756.jpg	/3.1	1	0011696164645286
20220224_160925.jpg	/3.1	1	0011696161733768
20220224_155731.jpg	/3.1	1	0011696163746723
20220224_163119.jpg	/3.1	1	0011696164647685
20220224_163103.jpg	/3.1	1	0011696164647315
20220224_153149.jpg	/3.1	1	0011696161734108
20220224_160128.jpg	/3.1	1	0011696163602342
20220224_150708.jpg	/3.1	1	0011696164653969
20220224_151815.jpg	/3.1	0	
20220224_154816.jpg	/3.1	1	0011696163601139
20220224_160739.jpg	/3.1	1	0011696161739478
20220224_151823.jpg	/3.1	1	0011696161740519
20220224_160008.jpg	/3.1	0	
20220224_155346.jpg	/3.1	1	0011696161740890
20220224_150831.jpg	/3.1	1	0011696164653991
20220224_154541.jpg	/3.1	1	0011696164652977
20220224_150838.jpg	/3.1	0	
20220224_161747.jpg	/3.1	1	0011696161740707
20220224_162942.jpg	/3.1	1	0011696161740501
20220224_161111.jpg	/3.1	1	0011696161740888
20220224_161736.jpg	/3.1	1	0011696161740392
20220224_152042.jpg	/3.1	1	0011696164653954
20220228_114219.jpg	/3.1/ГРЩ	0	
20220228_114316.jpg	/3.1/ГРЩ	0	
20220228_114227.jpg	/3.1/ГРЩ	1	3764391182321000
20220228_114111.jpg	/3.1/ГРЩ	1	3764391192921000
20220228_114142.jpg	/3.1/ГРЩ	1	1194384502621000
20220228_114028.jpg	/3.1/ГРЩ	1	3844337209220000
20220228_114203.jpg	/3.1/ГРЩ	0	
20220228_114235.jpg	/3.1/ГРЩ	0	
20220228_114304.jpg	/3.1/ГРЩ	1	3844387709521000
20220228_114008.jpg	/3.1/ГРЩ	0	
20220221_175550.jpg	/3.2	1	0011696162711290
20220222_172622.jpg	/3.2	0	
20220222_173148.jpg	/3.2	1	0011696161740885
20220222_153659.jpg	/3.2	1	0011696161740583
20220221_181103.jpg	/3.2	0	
20220222_173704.jpg	/3.2	1	0011696163747413
20220222_171506.jpg	/3.2	1	0011696163747432
20220222_155753.jpg	/3.2	1	0011696164650576
20220222_171457.jpg	/3.2	1	0011696163747409
20220221_180726.jpg	/3.2	1	0011696164645526
20220222_172007.jpg	/3.2	1	0011696163750766
20220222_173349.jpg	/3.2	1	0011696162711301
20220222_154525.jpg	/3.2	1	0011696164647155
20220222_153348.jpg	/3.2	0	
20220221_173706.jpg	/3.2	1	0011696163602435
20220221_174502.jpg	/3.2	1	0011696164653982
20220222_153202.jpg	/3.2	1	0011696164645517
20220222_172856.jpg	/3.2	0	
20220222_170718.jpg	/3.2	0	
20220222_173946.jpg	/3.2	1	0011696161738742
20220301_092832.jpg	/3.2	1	0011696164645530
20220222_155847.jpg	/3.2	1	0011696163601948
20220222_155909.jpg	/3.2	1	0011696164647673
20220221_181616.jpg	/3.2	0	
20220222_171938.jpg	/3.2	0	
20220222_155408.jpg	/3.2	1	0011696161739699
20220222_172552.jpg	/3.2	1	0011696163601050
20220222_154630.jpg	/3.2	1	0011696163750773
20220222_154509.jpg	/3.2	1	0011696164645422
20220222_153930.jpg	/3.2	0	
20220222_155547.jpg	/3.2	1	0011696163746175
20220221_180749.jpg	/3.2	1	0011696163602364
20220222_171308.jpg	/3.2	0	
20220222_172543.jpg	/3.2	1	0011696163747371
20220221_174453.jpg	/3.2	1	0011696164654015
20220222_155238.jpg	/3.2	1	0011696161740725
20220222_170745.jpg	/3.2	1	0011696163745883
20220221_182101.jpg	/3.2	1	0011696164645510
20220222_154657.jpg	/3.2	1	0011696163602450
20220221_181714.jpg	/3.2	1	0011696164645531
20220222_153900.jpg	/3.2	1	0011696163602459
20220222_173913.jpg	/3.2	1	0011696161737570
20220222_153918.jpg	/3.2	1	0011696164654027
20220221_173713.jpg	/3.2	1	0011696164654003
20220222_171130.jpg	/3.2	1	0011696162711230
20220222_154824.jpg	/3.2	1	0011696161740592
20220222_155017.jpg	/3.2	1	0011696163746256
20220221_175852.jpg	/3.2	1	0011696163602413
20220222_153400.jpg	/3.2	1	0011696163746262
20220222_172817.jpg	/3.2	0	
20220221_182118.jpg	/3.2	0	
20220222_153910.jpg	/3.2	1	0011696163602480
20220222_173435.jpg	/3.2	1	0011696161740543
20220222_171121.jpg	/3.2	1	0011696163747444
20220222_171657.jpg	/3.2	1	0011696160721187
20220222_171041.jpg	/3.2	1	0011696162711276
20220222_173129.jpg	/3.2	1	0011696161740795
20220221_175832.jpg	/3.2	1	0011696164645533
20220221_181243.jpg	/3.2	0	
20220222_153514.jpg	/3.2	1	0011696163745664
20220221_181058.jpg	/3.2	1	0011696161740906
20220221_174510.jpg	/3.2	0	
20220221_180737.jpg	/3.2	1	0011696163602393
20220221_175018.jpg	/3.2	1	0011696163747412
20220222_153339.jpg	/3.2	1	0011696164647692
20220222_152834.jpg	/3.2	1	0011696163746260
20220222_154954.jpg	/3.2	1	0011696161734821
20220301_092351.jpg	/3.2	1	0011696161740834
20220221_175311.jpg	/3.2	1	0011696163602427
20220222_153129.jpg	/3.2	1	0011696164645500
20220221_173840.jpg	/3.2	1	0011696163747324
20220222_153534.jpg	/3.2	1	0011696163745859
20220222_170820.jpg	/3.2	0	
20220222_173021.jpg	/3.2	1	0011696164650580
20220222_173046.jpg	/3.2	1	0011696164648842
20220221_175320.jpg	/3.2	1	0011696164645541
20220222_153721.jpg	/3.2	1	0011696164645499
20220222_171541.jpg	/3.2	1	0011696163602021
20220222_153543.jpg	/3.2	1	0011696163746506
20220222_171514.jpg	/3.2	1	0011696163601951
20220222_172952.jpg	/3.2	1	0011696164648991
20220222_153520.jpg	/3.2	1	0011696161739735
20220222_172604.jpg	/3.2	1	0011696163747331
20220222_152611.jpg	/3.2	1	0011696164646739
20220222_154105.jpg	/3.2	1	0011696163750735
20220222_173334.jpg	/3.2	1	0011696163755245
20220222_154832.jpg	/3.2	1	0011696164653984
20220222_173309.jpg	/3.2	1	0011696163746255
20220222_171707.jpg	/3.2	1	0011696161734819
20220221_175051.jpg	/3.2	1	0011696163742541
20220222_153151.jpg	/3.2	1	0011696163747456
20220222_154046.jpg	/3.2	1	0011696163602019
20220221_174517.jpg	/3.2	1	0011696164654028
20220222_154121.jpg	/3.2	1	0011696163745835
20220222_155805.jpg	/3.2	1	0011696163602476
20220222_154948.jpg	/3.2	1	0011696164653016
20220222_173720.jpg	/3.2	0	
20220222_155732.jpg	/3.2	0	
20220222_171913.jpg	/3.2	1	0011696161740608
20220222_171303.jpg	/3.2	1	0011696161734406
20220222_172147.jpg	/3.2	1	0011696161734603
20220221_175640.jpg	/3.2	1	0011696163747416
20220222_170920.jpg	/3.2	1	0011696163755186
20220222_172158.jpg	/3.2	1	0011696161734780
20220222_154643.jpg	/3.2	1	0011696164653537
20220301_092338.jpg	/3.2	1	0011696164646708
20220221_180544.jpg	/3.2	1	0011696164649479
20220221_180606.jpg	/3.2	1	0011696164649504
20220222_152828.jpg	/3.2	1	0011696164653988
20220222_154434.jpg	/3.2	0	
20220222_171721.jpg	/3.2	1	0011696160721169
20220222_152535.jpg	/3.2	1	0011696163745640
20220222_171317.jpg	/3.2	1	0011696161734615
20220222_154442.jpg	/3.2	0	
20220222_172823.jpg	/3.2	0	
20220221_173829.jpg	/3.2	1	0011696163602403
20220222_155540.jpg	/3.2	1	0011696164647686
20220222_170729.jpg	/3.2	1	0011696164650435
20220221_175626.jpg	/3.2	1	0011696162711212
20220221_181708.jpg	/3.2	1	0011696163602356
20220221_175001.jpg	/3.2	1	0011696162711309
20220222_152542.jpg	/3.2	1	0011696164645338
20220222_152817.jpg	/3.2	0	
20220221_175026.jpg	/3.2	1	0011696163747419
20220221_181111.jpg	/3.2	1	0011696161740798
20220222_155226.jpg	/3.2	0	
20220222_173445.jpg	/3.2	1	0011696161740614
20220222_154818.jpg	/3.2	1	0011696163602475
20220222_171905.jpg	/3.2	1	0011696163602031
20220222_173136.jpg	/3.2	0	
20220221_180552.jpg	/3.2	1	0011696164646757
20220221_173657.jpg	/3.2	1	0011696164653985
20220222_155855.jpg	/3.2	1	0011696163746272
20220221_181236.jpg	/3.2	1	0011696164645543
20220301_092326.jpg	/3.2	1	0011696161740845
20220222_173007.jpg	/3.2	1	0011696164653953
20220222_170928.jpg	/3.2	1	0011696163743158
20220222_173459.jpg	/3.2	1	0011696161740574
20220222_173652.jpg	/3.2	0	
20220222_155559.jpg	/3.2	0	
20220222_170910.jpg	/3.2	1	0011696163755174
20220222_173322.jpg	/3.2	1	0011696163742599
20220221_173651.jpg	/3.2	0	
20220222_155745.jpg	/3.2	1	0011696163601031
20220222_152602.jpg	/3.2	1	0011696164646993
20220221_182108.jpg	/3.2	0	
20220221_181230.jpg	/3.2	1	0011696164645388
20220222_153139.jpg	/3.2	1	0011696163755196
20220222_155231.jpg	/3.2	1	0011696161740615
20220221_181635.jpg	/3.2	1	0011696161740912
20220222_173903.jpg	/3.2	0	
20220222_153713.jpg	/3.2	1	0011696161740826
20220222_154839.jpg	/3.2	1	0011696161739728
20220301_092855.jpg	/3.2	1	0011696163746730
20220222_171051.jpg	/3.2	1	0011696163746537
20220222_172138.jpg	/3.2	1	0011696161740439
20220222_173610.jpg	/3.2	1	0011696163742614
20220221_181722.jpg	/3.2	1	0011696163602351
20220221_181627.jpg	/3.2	1	0011696161740859
20220221_175615.jpg	/3.2	1	0011696162711376
20220228_112548.jpg	/3.2/ГРЩ	0	
20220228_112322.jpg	/3.2/ГРЩ	0	
20220228_113401.jpg	/3.2/ГРЩ	0	
20220228_112915.jpg	/3.2/ГРЩ	0	
20220228_113004.jpg	/3.2/ГРЩ	1	3764561040721000
20220228_113004.jpg	/3.2/ГРЩ	2	4660019150507
20220228_112530.jpg	/3.2/ГРЩ	0	
20220228_113228.jpg	/3.2/ГРЩ	1	3844337215320000
20220228_113016.jpg	/3.2/ГРЩ	1	3764391192521000
20220228_113016.jpg	/3.2/ГРЩ	2	4660019150507
20220228_112942.jpg	/3.2/ГРЩ	0	
20220228_112240.jpg	/3.2/ГРЩ	0	
20220228_112102.jpg	/3.2/ГРЩ	0	
20220228_113156.jpg	/3.2/ГРЩ	1	3844387711121000
20220228_112246.jpg	/3.2/ГРЩ	0	
20220228_113057.jpg	/3.2/ГРЩ	1	3764391191421000
20220228_112154.jpg	/3.2/ГРЩ	0	
20220228_113023.jpg	/3.2/ГРЩ	1	3764391191621000
20220228_113023.jpg	/3.2/ГРЩ	2	4660019150507
20220228_112116.jpg	/3.2/ГРЩ	0	
20220221_153226.jpg	/7.2	1	0011696161740112
20220221_153540.jpg	/7.2	1	0011696157615563
20220221_163548.jpg	/7.2	1	0011696161738426
20220221_155210.jpg	/7.2	0	
20220221_164435.jpg	/7.2	1	0011696161738659
20220221_160759.jpg	/7.2	1	0011696161738356
20220221_154222.jpg	/7.2	1	0011696157615582
20220221_163554.jpg	/7.2	1	0011696161738513
20220221_161336.jpg	/7.2	1	0011696161738986
20220221_163802.jpg	/7.2	1	0011696160720857
20220221_162543.jpg	/7.2	1	0011696161738412
20220221_154258.jpg	/7.2	1	0011696157615643
20220221_154547.jpg	/7.2	0	
20220221_163751.jpg	/7.2	1	0011696161739035
20220221_160449.jpg	/7.2	1	0011696161738700
20220221_162008.jpg	/7.2	1	0011696161738359
20220221_155839.jpg	/7.2	1	0011696163752571
20220221_160115.jpg	/7.2	0	
20220221_161030.jpg	/7.2	0	
20220221_160440.jpg	/7.2	1	0011696161738394
20220221_160705.jpg	/7.2	1	0011696161739027
20220221_153632.jpg	/7.2	0	
20220221_153239.jpg	/7.2	1	0011696161739022
20220221_154851.jpg	/7.2	1	0011696161738755
20220221_164136.jpg	/7.2	1	0011696161739030
20220221_164627.jpg	/7.2	1	0011696161739359
20220221_164654.jpg	/7.2	1	0011696161738300
20220221_153107.jpg	/7.2	1	0011696161739036
20220221_160123.jpg	/7.2	1	0011696161738287
20220221_161711.jpg	/7.2	1	0011696157615562
20220221_155651.jpg	/7.2	1	0011696163750834
20220221_161059.jpg	/7.2	0	
20220221_162041.jpg	/7.2	0	
20220221_164118.jpg	/7.2	1	0011696161738560
20220221_160431.jpg	/7.2	1	0011696161738985
20220221_154011.jpg	/7.2	1	0011696161738674
20220221_162945.jpg	/7.2	1	0011696161738485
20220221_160746.jpg	/7.2	1	0011696161738369
20220221_161952.jpg	/7.2	0	
20220221_153124.jpg	/7.2	1	0011696161738371
20220221_155153.jpg	/7.2	1	0011696161739999
20220221_161108.jpg	/7.2	0	
20220221_154541.jpg	/7.2	1	0011696161738708
20220221_163249.jpg	/7.2	0	
20220221_153112.jpg	/7.2	1	0011696161739006
20220221_161959.jpg	/7.2	1	0011696161738991
20220221_164644.jpg	/7.2	1	0011696161737752
20220221_161657.jpg	/7.2	0	
20220221_163231.jpg	/7.2	1	0011696161739372
20220221_161428.jpg	/7.2	1	0011696161738699
20220221_154236.jpg	/7.2	0	
20220221_164420.jpg	/7.2	1	0011696161738753
20220221_163610.jpg	/7.2	1	0011696160721890
20220221_163023.jpg	/7.2	1	0011696161738366
20220221_162632.jpg	/7.2	1	0011696161738425
20220221_160806.jpg	/7.2	1	0011696161738989
20220221_163601.jpg	/7.2	1	0011696161738984
20220221_160135.jpg	/7.2	1	0011696160712468
20220221_155823.jpg	/7.2	1	0011696163743165
20220221_164158.jpg	/7.2	1	0011696161738507
20220221_164427.jpg	/7.2	1	0011696161738999
20220221_153959.jpg	/7.2	1	0011696161737792
20220221_160108.jpg	/7.2	1	0011696161737782
20220221_164204.jpg	/7.2	1	0011696161739024
20220221_161412.jpg	/7.2	1	0011696161738740
20220221_164638.jpg	/7.2	1	0011696161738361
20220221_161645.jpg	/7.2	1	0011696157615603
20220221_153231.jpg	/7.2	1	0011696161738385
20220221_154900.jpg	/7.2	1	0011696161738438
20220221_161403.jpg	/7.2	1	0011696160721880
20220221_154909.jpg	/7.2	0	
20220221_155200.jpg	/7.2	1	0011696161738493
20220221_154558.jpg	/7.2	1	0011696161740027
20220221_162909.jpg	/7.2	1	0011696161738978
20220221_162605.jpg	/7.2	1	0011696161734173
20220221_154004.jpg	/7.2	1	0011696161739002
20220221_162959.jpg	/7.2	1	0011696161738983
20220221_153534.jpg	/7.2	1	0011696157615629
20220221_163304.jpg	/7.2	1	0011696161738775
20220221_163744.jpg	/7.2	1	0011696161739007
20220309_162626.jpg	/7.2/new	0	
20220309_162658.jpg	/7.2/new	1	0011696161738371
20220309_162810.jpg	/7.2/new	1	0011696161738385
20220309_162647.jpg	/7.2/new	1	0011696161739006
20220309_162822.jpg	/7.2/new	0	
20220309_162758.jpg	/7.2/new	0	
20220228_120452.jpg	/7.2/ГРЩ	1	7694356641521000
20220228_120412.jpg	/7.2/ГРЩ	1	7674249288220000
20220228_120645.jpg	/7.2/ГРЩ	0	
20220228_120506.jpg	/7.2/ГРЩ	1	3764310582020000
20220228_120527.jpg	/7.2/ГРЩ	1	4660019150507
20220228_120527.jpg	/7.2/ГРЩ	2	3764310584220000
20220228_120423.jpg	/7.2/ГРЩ	0	
20220228_120638.jpg	/7.2/ГРЩ	1	3844502256221000
20220228_120602.jpg	/7.2/ГРЩ	0	
20220228_121549.jpg	/7.2/ГРЩ	1	3844502256121000
20220228_120624.jpg	/7.2/ГРЩ	0	
20220228_120406.jpg	/7.2/ГРЩ	0	
20220228_121553.jpg	/7.2/ГРЩ	1	3844502256121000
